{"cameraMode":{"drawMode":0,"name":"Shaded","section":"Shading Mode"},"sceneLighting":true,"audioPlay":false,"sceneViewState":{"m_AlwaysRefresh":false,"showFog":true,"showSkybox":false,"showFlares":true,"showImageEffects":true,"showParticleSystems":true,"showVisualEffectGraphs":true,"m_FxEnabled":false},"in2DMode":false,"pivot":{"x":11.250295639038086,"y":5.926575660705566,"z":-21.40215492248535},"rotation":{"x":0.07933764904737473,"y":0.612547755241394,"z":-0.06195058301091194,"w":0.7842363715171814},"size":0.000017320508050033823,"orthographic":false}