{"cameraMode":{"drawMode":0,"name":"Shaded","section":"Shading Mode"},"sceneLighting":false,"audioPlay":false,"sceneViewState":{"m_AlwaysRefresh":false,"showFog":true,"showSkybox":false,"showFlares":true,"showImageEffects":true,"showParticleSystems":true,"showVisualEffectGraphs":true,"m_FxEnabled":true},"in2DMode":false,"pivot":{"x":11.314654350280762,"y":4.610469818115234,"z":20.131820678710939},"rotation":{"x":-0.03746723011136055,"y":0.9117396473884583,"z":-0.08565346151590347,"w":-0.40003135800361636},"size":0.000017073167327907868,"orthographic":false}