{"cameraMode":{"drawMode":0,"name":"Shaded","section":"Shading Mode"},"sceneLighting":false,"audioPlay":false,"sceneViewState":{"m_AlwaysRefresh":false,"showFog":true,"showSkybox":false,"showFlares":true,"showImageEffects":true,"showParticleSystems":true,"showVisualEffectGraphs":true,"m_FxEnabled":true},"in2DMode":false,"pivot":{"x":16.73380470275879,"y":46.4896125793457,"z":48.96965789794922},"rotation":{"x":0.001607135171070695,"y":0.9952893257141113,"z":0.017022648826241494,"w":-0.09587603807449341},"size":0.8660253882408142,"orthographic":false}