{"cameraMode":{"drawMode":0,"name":"Shaded","section":"Shading Mode"},"sceneLighting":false,"audioPlay":false,"sceneViewState":{"m_AlwaysRefresh":false,"showFog":true,"showSkybox":false,"showFlares":true,"showImageEffects":true,"showParticleSystems":true,"showVisualEffectGraphs":true,"m_FxEnabled":true},"in2DMode":false,"pivot":{"x":-0.2883269786834717,"y":1.5392379760742188,"z":2.3547983169555666},"rotation":{"x":0.0992026999592781,"y":-0.5291346311569214,"z":0.06369434297084809,"w":0.8405547142028809},"size":2.2637903690338136,"orthographic":false}