{"cameraMode":{"drawMode":0,"name":"Shaded","section":"Shading Mode"},"sceneLighting":true,"audioPlay":false,"sceneViewState":{"m_AlwaysRefresh":false,"showFog":true,"showSkybox":false,"showFlares":true,"showImageEffects":true,"showParticleSystems":true,"showVisualEffectGraphs":true,"m_FxEnabled":true},"in2DMode":false,"pivot":{"x":130.42987060546876,"y":61.686092376708987,"z":63.55896759033203},"rotation":{"x":-0.06672287732362747,"y":0.9265796542167664,"z":-0.20406216382980348,"w":-0.3097330629825592},"size":0.7898368239402771,"orthographic":false}