{"cameraMode":{"drawMode":0,"name":"Shaded","section":"Shading Mode"},"sceneLighting":true,"audioPlay":false,"sceneViewState":{"m_AlwaysRefresh":false,"showFog":true,"showSkybox":false,"showFlares":true,"showImageEffects":true,"showParticleSystems":true,"showVisualEffectGraphs":true,"m_FxEnabled":true},"in2DMode":false,"pivot":{"x":-7.272310256958008,"y":58.133487701416019,"z":41.00617980957031},"rotation":{"x":0.045868001878261569,"y":-0.2908208668231964,"z":0.015194790437817574,"w":0.9558526873588562},"size":0.7898368239402771,"orthographic":false}