{"cameraMode":{"drawMode":0,"name":"Shaded","section":"Shading Mode"},"sceneLighting":false,"audioPlay":false,"sceneViewState":{"m_AlwaysRefresh":false,"showFog":true,"showSkybox":false,"showFlares":true,"showImageEffects":true,"showParticleSystems":true,"showVisualEffectGraphs":true,"m_FxEnabled":true},"in2DMode":false,"pivot":{"x":-3.8147950172424318,"y":97.06277465820313,"z":104.84932708740235},"rotation":{"x":0.0019409143133088947,"y":-0.9972177743911743,"z":-0.07070345431566239,"w":-0.02596651017665863},"size":0.8660253882408142,"orthographic":false}