{"cameraMode":{"drawMode":0,"name":"Shaded","section":"Shading Mode"},"sceneLighting":true,"audioPlay":false,"sceneViewState":{"m_AlwaysRefresh":false,"showFog":true,"showSkybox":false,"showFlares":true,"showImageEffects":true,"showParticleSystems":true,"showVisualEffectGraphs":true,"m_FxEnabled":true},"in2DMode":false,"pivot":{"x":1.6585361957550049,"y":58.37681579589844,"z":-102.15653991699219},"rotation":{"x":0.011777573265135289,"y":0.9880880117416382,"z":-0.11644697934389115,"w":0.09993914514780045},"size":134.55706787109376,"orthographic":false}