{"cameraMode":{"drawMode":0,"name":"Shaded","section":"Shading Mode"},"sceneLighting":true,"audioPlay":false,"sceneViewState":{"m_AlwaysRefresh":false,"showFog":true,"showSkybox":true,"showFlares":true,"showImageEffects":true,"showParticleSystems":true,"showVisualEffectGraphs":true,"m_FxEnabled":true},"in2DMode":false,"pivot":{"x":-38.749996185302737,"y":-23.693157196044923,"z":1359.001708984375},"rotation":{"x":0.09465730935335159,"y":-0.48010769486427309,"z":0.052204057574272159,"w":0.8705260157585144},"size":28.53774070739746,"orthographic":false}