{"cameraMode":{"drawMode":0,"name":"Shaded","section":"Shading Mode"},"sceneLighting":false,"audioPlay":false,"sceneViewState":{"m_AlwaysRefresh":false,"showFog":true,"showSkybox":false,"showFlares":true,"showImageEffects":true,"showParticleSystems":true,"showVisualEffectGraphs":true,"m_FxEnabled":true},"in2DMode":false,"pivot":{"x":-15.381708145141602,"y":12.156121253967286,"z":-584.2589111328125},"rotation":{"x":0.09003669768571854,"y":0.4980142414569855,"z":-0.051354698836803439,"w":0.8610047101974487},"size":0.8660253882408142,"orthographic":false}