{"cameraMode":{"drawMode":0,"name":"Shaded","section":"Shading Mode"},"sceneLighting":false,"audioPlay":false,"sceneViewState":{"m_AlwaysRefresh":false,"showFog":true,"showSkybox":false,"showFlares":true,"showImageEffects":true,"showParticleSystems":true,"showVisualEffectGraphs":true,"m_FxEnabled":true},"in2DMode":false,"pivot":{"x":-11.859024047851563,"y":0.7044438123703003,"z":23.24014663696289},"rotation":{"x":-0.002279872540384531,"y":0.9864148497581482,"z":-0.01598168909549713,"w":-0.16486744582653047},"size":0.8660253882408142,"orthographic":false}