{"cameraMode":{"drawMode":0,"name":"Shaded","section":"Shading Mode"},"sceneLighting":false,"audioPlay":false,"sceneViewState":{"m_AlwaysRefresh":false,"showFog":true,"showSkybox":false,"showFlares":true,"showImageEffects":true,"showParticleSystems":true,"showVisualEffectGraphs":true,"m_FxEnabled":true},"in2DMode":false,"pivot":{"x":-19.156293869018556,"y":15.951786041259766,"z":53.1130256652832},"rotation":{"x":0.11912419646978378,"y":0.12275266647338867,"z":-0.014667639508843422,"w":0.9851959347724915},"size":0.8660253882408142,"orthographic":false}