{"cameraMode":{"drawMode":0,"name":"Shaded","section":"Shading Mode"},"sceneLighting":true,"audioPlay":false,"sceneViewState":{"m_AlwaysRefresh":false,"showFog":true,"showSkybox":true,"showFlares":true,"showImageEffects":true,"showParticleSystems":true,"showVisualEffectGraphs":true,"m_FxEnabled":true},"in2DMode":false,"pivot":{"x":0.07556581497192383,"y":-3.174483299255371,"z":-0.49970412254333498},"rotation":{"x":0.2586574852466583,"y":-0.7307816743850708,"z":0.3682861924171448,"w":0.5132566690444946},"size":3.7366230487823488,"orthographic":false}