{"cameraMode":{"drawMode":0,"name":"Shaded","section":"Shading Mode"},"sceneLighting":true,"audioPlay":false,"sceneViewState":{"m_AlwaysRefresh":false,"showFog":true,"showSkybox":true,"showFlares":true,"showImageEffects":true,"showParticleSystems":true,"showVisualEffectGraphs":true,"m_FxEnabled":true},"in2DMode":false,"pivot":{"x":14.267203330993653,"y":13.2164306640625,"z":-22.731822967529298},"rotation":{"x":-0.1448211669921875,"y":0.06947579979896546,"z":-0.010833200067281723,"w":-0.9870797991752625},"size":0.6917798519134522,"orthographic":false}