{"cameraMode":{"drawMode":0,"name":"Shaded","section":"Shading Mode"},"sceneLighting":true,"audioPlay":false,"sceneViewState":{"m_AlwaysRefresh":false,"showFog":true,"showSkybox":true,"showFlares":true,"showImageEffects":true,"showParticleSystems":true,"showVisualEffectGraphs":true,"m_FxEnabled":true},"in2DMode":false,"pivot":{"x":-0.6614221930503845,"y":0.8683755993843079,"z":-51.32892990112305},"rotation":{"x":-0.16264629364013673,"y":0.8235463500022888,"z":-0.2929883301258087,"w":-0.45818662643432619},"size":1.5074727535247803,"orthographic":false}