{"cameraMode":{"drawMode":0,"name":"Shaded","section":"Shading Mode"},"sceneLighting":true,"audioPlay":false,"sceneViewState":{"m_AlwaysRefresh":false,"showFog":true,"showSkybox":true,"showFlares":true,"showImageEffects":true,"showParticleSystems":true,"showVisualEffectGraphs":true,"m_FxEnabled":true},"in2DMode":false,"pivot":{"x":7.41027307510376,"y":8.017862319946289,"z":-26.116683959960939},"rotation":{"x":0.14247450232505799,"y":-0.25234439969062807,"z":0.03863808512687683,"w":0.9564919471740723},"size":0.8660253882408142,"orthographic":false}