{"cameraMode":{"drawMode":0,"name":"Shaded","section":"Shading Mode"},"sceneLighting":false,"audioPlay":false,"sceneViewState":{"m_AlwaysRefresh":false,"showFog":true,"showSkybox":false,"showFlares":true,"showImageEffects":true,"showParticleSystems":true,"showVisualEffectGraphs":true,"m_FxEnabled":true},"in2DMode":false,"pivot":{"x":-18.433046340942384,"y":35.154396057128909,"z":77.6478042602539},"rotation":{"x":0.09466772526502609,"y":-0.005037093069404364,"z":0.0005470650503411889,"w":0.9955146312713623},"size":67.26998138427735,"orthographic":false}