{"cameraMode":{"drawMode":0,"name":"Shaded","section":"Shading Mode"},"sceneLighting":false,"audioPlay":false,"sceneViewState":{"m_AlwaysRefresh":false,"showFog":true,"showSkybox":false,"showFlares":true,"showImageEffects":true,"showParticleSystems":true,"showVisualEffectGraphs":true,"m_FxEnabled":true},"in2DMode":false,"pivot":{"x":17.91573143005371,"y":6.721935749053955,"z":184.33372497558595},"rotation":{"x":0.0028675622306764127,"y":-0.990856945514679,"z":0.13338585197925569,"w":0.022044403478503228},"size":0.8660253882408142,"orthographic":false}