{"cameraMode":{"drawMode":0,"name":"Shaded","section":"Shading Mode"},"sceneLighting":false,"audioPlay":false,"sceneViewState":{"m_AlwaysRefresh":false,"showFog":true,"showSkybox":false,"showFlares":true,"showImageEffects":true,"showParticleSystems":true,"showVisualEffectGraphs":true,"m_FxEnabled":true},"in2DMode":false,"pivot":{"x":-24.960054397583009,"y":0.9617269039154053,"z":22.909687042236329},"rotation":{"x":0.15504100918769837,"y":0.00656249700114131,"z":-0.0004388599772937596,"w":0.9880908727645874},"size":0.8660253882408142,"orthographic":false}