{"cameraMode":{"drawMode":0,"name":"Shaded","section":"Shading Mode"},"sceneLighting":true,"audioPlay":false,"sceneViewState":{"m_AlwaysRefresh":false,"showFog":true,"showSkybox":true,"showFlares":true,"showImageEffects":true,"showParticleSystems":true,"showVisualEffectGraphs":true,"m_FxEnabled":true},"in2DMode":false,"pivot":{"x":100.82145690917969,"y":11.234159469604493,"z":105.73982238769531},"rotation":{"x":-0.030682789161801339,"y":0.544858455657959,"z":0.01993498206138611,"w":0.8377417325973511},"size":70.71245574951172,"orthographic":false}