{"cameraMode":{"drawMode":0,"name":"Shaded","section":"Shading Mode"},"sceneLighting":false,"audioPlay":false,"sceneViewState":{"m_AlwaysRefresh":false,"showFog":true,"showSkybox":true,"showFlares":true,"showImageEffects":true,"showParticleSystems":true,"showVisualEffectGraphs":true,"m_FxEnabled":true},"in2DMode":false,"pivot":{"x":-36.93178176879883,"y":7.317748069763184,"z":-14.137946128845215},"rotation":{"x":-0.20440782606601716,"y":0.06534971296787262,"z":-0.013559975661337376,"w":-0.9767057299613953},"size":0.8660253882408142,"orthographic":false}