{"cameraMode":{"drawMode":0,"name":"Shaded","section":"Shading Mode"},"sceneLighting":false,"audioPlay":false,"sceneViewState":{"m_AlwaysRefresh":false,"showFog":true,"showSkybox":true,"showFlares":true,"showImageEffects":true,"showParticleSystems":true,"showVisualEffectGraphs":true,"m_FxEnabled":true},"in2DMode":false,"pivot":{"x":16.054357528686525,"y":15.886581420898438,"z":-27.713468551635743},"rotation":{"x":-0.007913900539278984,"y":-0.2092968076467514,"z":-0.0017198966816067696,"w":0.9778600335121155},"size":0.8660253882408142,"orthographic":false}