{"cameraMode":{"drawMode":0,"name":"Shaded","section":"Shading Mode"},"sceneLighting":false,"audioPlay":false,"sceneViewState":{"m_AlwaysRefresh":false,"showFog":true,"showSkybox":true,"showFlares":true,"showImageEffects":true,"showParticleSystems":true,"showVisualEffectGraphs":true,"m_FxEnabled":true},"in2DMode":false,"pivot":{"x":29.662458419799806,"y":54.574520111083987,"z":0.21153415739536286},"rotation":{"x":-0.024052783846855165,"y":0.9343723058700562,"z":-0.08580277860164643,"w":-0.34607255458831789},"size":0.8660253882408142,"orthographic":false}