{"cameraMode":{"drawMode":0,"name":"Shaded","section":"Shading Mode"},"sceneLighting":true,"audioPlay":false,"sceneViewState":{"m_AlwaysRefresh":false,"showFog":true,"showSkybox":true,"showFlares":true,"showImageEffects":true,"showParticleSystems":true,"showVisualEffectGraphs":true,"m_FxEnabled":true},"in2DMode":false,"pivot":{"x":51.098995208740237,"y":99.80734252929688,"z":-296.7981262207031},"rotation":{"x":-0.10440567880868912,"y":0.07429596781730652,"z":-0.01533218752592802,"w":-0.9921931028366089},"size":0.8660253882408142,"orthographic":false}