{"cameraMode":{"drawMode":0,"name":"Shaded","section":"Shading Mode"},"sceneLighting":false,"audioPlay":false,"sceneViewState":{"m_AlwaysRefresh":false,"showFog":true,"showSkybox":true,"showFlares":true,"showImageEffects":true,"showParticleSystems":true,"showVisualEffectGraphs":true,"m_FxEnabled":true},"in2DMode":false,"pivot":{"x":-24.246606826782228,"y":30.649396896362306,"z":-168.76734924316407},"rotation":{"x":0.1652476042509079,"y":0.8422366380691528,"z":-0.36286303400993349,"w":0.36390021443367007},"size":0.8660253882408142,"orthographic":false}