{"cameraMode":{"drawMode":0,"name":"Shaded","section":"Shading Mode"},"sceneLighting":false,"audioPlay":false,"sceneViewState":{"m_AlwaysRefresh":false,"showFog":true,"showSkybox":false,"showFlares":true,"showImageEffects":true,"showParticleSystems":true,"showVisualEffectGraphs":true,"m_FxEnabled":true},"in2DMode":false,"pivot":{"x":-1.8569093942642213,"y":7.8550639152526859,"z":29.896333694458009},"rotation":{"x":-0.0033811922185122968,"y":-0.9955593347549439,"z":0.08623280376195908,"w":-0.03940386325120926},"size":0.8660253882408142,"orthographic":false}