{"cameraMode":{"drawMode":0,"name":"Shaded","section":"Shading Mode"},"sceneLighting":true,"audioPlay":false,"sceneViewState":{"m_AlwaysRefresh":false,"showFog":true,"showSkybox":false,"showFlares":true,"showImageEffects":true,"showParticleSystems":true,"showVisualEffectGraphs":true,"m_FxEnabled":true},"in2DMode":false,"pivot":{"x":-0.851874053478241,"y":23.61300277709961,"z":157.93202209472657},"rotation":{"x":0.08406021445989609,"y":-0.8711259961128235,"z":0.16076384484767915,"w":0.45660993456840517},"size":1.0792253017425538,"orthographic":false}