{"cameraMode":{"drawMode":0,"name":"Shaded","section":"Shading Mode"},"sceneLighting":false,"audioPlay":false,"sceneViewState":{"m_AlwaysRefresh":false,"showFog":true,"showSkybox":false,"showFlares":true,"showImageEffects":true,"showParticleSystems":true,"showVisualEffectGraphs":true,"m_FxEnabled":true},"in2DMode":false,"pivot":{"x":-12.008440017700196,"y":31.799161911010743,"z":-151.0423126220703},"rotation":{"x":0.011812844313681126,"y":-0.9899672865867615,"z":0.12448515743017197,"w":0.07059594988822937},"size":67.27841186523438,"orthographic":false}