{"cameraMode":{"drawMode":0,"name":"Shaded","section":"Shading Mode"},"sceneLighting":false,"audioPlay":false,"sceneViewState":{"m_AlwaysRefresh":false,"showFog":true,"showSkybox":false,"showFlares":true,"showImageEffects":true,"showParticleSystems":true,"showVisualEffectGraphs":true,"m_FxEnabled":true},"in2DMode":false,"pivot":{"x":-18.260953903198243,"y":33.51344680786133,"z":-250.5194549560547},"rotation":{"x":-0.10262561589479447,"y":-0.007014789618551731,"z":0.0036987343337386848,"w":-0.9950212240219116},"size":0.8660253882408142,"orthographic":false}