{"cameraMode":{"drawMode":0,"name":"Shaded","section":"Shading Mode"},"sceneLighting":true,"audioPlay":false,"sceneViewState":{"m_AlwaysRefresh":false,"showFog":true,"showSkybox":false,"showFlares":true,"showImageEffects":true,"showParticleSystems":true,"showVisualEffectGraphs":true,"m_FxEnabled":true},"in2DMode":false,"pivot":{"x":0.26654815673828127,"y":57.58279800415039,"z":-85.39330291748047},"rotation":{"x":0.011777573265135289,"y":0.9880880117416382,"z":-0.11644697934389115,"w":0.09993914514780045},"size":146.29783630371095,"orthographic":false}