{"cameraMode":{"drawMode":0,"name":"Shaded","section":"Shading Mode"},"sceneLighting":false,"audioPlay":false,"sceneViewState":{"m_AlwaysRefresh":false,"showFog":true,"showSkybox":false,"showFlares":true,"showImageEffects":true,"showParticleSystems":true,"showVisualEffectGraphs":true,"m_FxEnabled":true},"in2DMode":false,"pivot":{"x":0.18688996136188508,"y":55.112545013427737,"z":-55.24654006958008},"rotation":{"x":0.011371884495019913,"y":0.9887271523475647,"z":-0.11551281809806824,"w":0.09775231778621674},"size":0.8660253882408142,"orthographic":false}