{"cameraMode":{"drawMode":0,"name":"Shaded","section":"Shading Mode"},"sceneLighting":true,"audioPlay":false,"sceneViewState":{"m_AlwaysRefresh":false,"showFog":true,"showSkybox":false,"showFlares":true,"showImageEffects":true,"showParticleSystems":true,"showVisualEffectGraphs":true,"m_FxEnabled":true},"in2DMode":false,"pivot":{"x":-29.082820892333986,"y":32.35681915283203,"z":-44.281883239746097},"rotation":{"x":-0.1662948578596115,"y":-0.044698234647512439,"z":0.006900427397340536,"w":-0.9851813912391663},"size":1.1761542558670045,"orthographic":false}