{"cameraMode":{"drawMode":0,"name":"Shaded","section":"Shading Mode"},"sceneLighting":true,"audioPlay":false,"sceneViewState":{"m_AlwaysRefresh":false,"showFog":true,"showSkybox":false,"showFlares":true,"showImageEffects":true,"showParticleSystems":true,"showVisualEffectGraphs":true,"m_FxEnabled":true},"in2DMode":false,"pivot":{"x":-26.016542434692384,"y":11.872773170471192,"z":41.68114471435547},"rotation":{"x":-0.041571054607629779,"y":-0.06967363506555557,"z":-0.003118043066933751,"w":0.9966981410980225},"size":43.416587829589847,"orthographic":false}