{"cameraMode":{"drawMode":0,"name":"Shaded","section":"Shading Mode"},"sceneLighting":true,"audioPlay":false,"sceneViewState":{"m_AlwaysRefresh":false,"showFog":true,"showSkybox":false,"showFlares":true,"showImageEffects":true,"showParticleSystems":true,"showVisualEffectGraphs":true,"m_FxEnabled":true},"in2DMode":false,"pivot":{"x":-72.29534149169922,"y":10.309405326843262,"z":72.50602722167969},"rotation":{"x":0.048265278339385989,"y":-0.030768983066082,"z":0.0012768384767696262,"w":0.9983598589897156},"size":1.2315752506256104,"orthographic":false}