{"cameraMode":{"drawMode":0,"name":"Shaded","section":"Shading Mode"},"sceneLighting":true,"audioPlay":false,"sceneViewState":{"m_AlwaysRefresh":false,"showFog":true,"showSkybox":false,"showFlares":true,"showImageEffects":true,"showParticleSystems":true,"showVisualEffectGraphs":true,"m_FxEnabled":true},"in2DMode":false,"pivot":{"x":-9.057851791381836,"y":20.95395278930664,"z":128.35765075683595},"rotation":{"x":0.04917387291789055,"y":0.00026295174029655755,"z":0.0000960417091846466,"w":-0.998841404914856},"size":0.8660253882408142,"orthographic":false}