{"cameraMode":{"drawMode":0,"name":"Shaded","section":"Shading Mode"},"sceneLighting":true,"audioPlay":false,"sceneViewState":{"m_AlwaysRefresh":false,"showFog":true,"showSkybox":false,"showFlares":true,"showImageEffects":true,"showParticleSystems":true,"showVisualEffectGraphs":true,"m_FxEnabled":true},"in2DMode":false,"pivot":{"x":-3.730067729949951,"y":37.750343322753909,"z":-41.45906066894531},"rotation":{"x":0.08995232731103897,"y":-0.10976008325815201,"z":0.01060860138386488,"w":0.9899015426635742},"size":0.8660253882408142,"orthographic":false}