{"cameraMode":{"drawMode":0,"name":"Shaded","section":"Shading Mode"},"sceneLighting":true,"audioPlay":false,"sceneViewState":{"m_AlwaysRefresh":false,"showFog":true,"showSkybox":false,"showFlares":true,"showImageEffects":true,"showParticleSystems":true,"showVisualEffectGraphs":true,"m_FxEnabled":true},"in2DMode":false,"pivot":{"x":-6.23554801940918,"y":-6.1041412353515629,"z":-9.87076473236084},"rotation":{"x":0.016799557954072954,"y":-0.021487165242433549,"z":0.00016650414909236133,"w":0.9996459484100342},"size":0.8660253882408142,"orthographic":false}