{"cameraMode":{"drawMode":0,"name":"Shaded","section":"Shading Mode"},"sceneLighting":true,"audioPlay":false,"sceneViewState":{"m_AlwaysRefresh":false,"showFog":true,"showSkybox":false,"showFlares":true,"showImageEffects":true,"showParticleSystems":true,"showVisualEffectGraphs":true,"m_FxEnabled":true},"in2DMode":false,"pivot":{"x":-20.582656860351564,"y":1.2963117361068726,"z":-99.0816650390625},"rotation":{"x":0.11789819598197937,"y":0.31681808829307558,"z":-0.03993662819266319,"w":0.9402998685836792},"size":0.8660253882408142,"orthographic":false}