{"cameraMode":{"drawMode":0,"name":"Shaded","section":"Shading Mode"},"sceneLighting":false,"audioPlay":false,"sceneViewState":{"m_AlwaysRefresh":false,"showFog":true,"showSkybox":false,"showFlares":true,"showImageEffects":true,"showParticleSystems":true,"showVisualEffectGraphs":true,"m_FxEnabled":true},"in2DMode":false,"pivot":{"x":13.297257423400879,"y":83.69847106933594,"z":-44.673912048339847},"rotation":{"x":0.030866751447319986,"y":-0.9525426626205444,"z":0.28610697388648989,"w":0.10256549715995789},"size":0.8660253882408142,"orthographic":false}