{"cameraMode":{"drawMode":0,"name":"Shaded","section":"Shading Mode"},"sceneLighting":false,"audioPlay":false,"sceneViewState":{"m_AlwaysRefresh":false,"showFog":true,"showSkybox":false,"showFlares":true,"showImageEffects":true,"showParticleSystems":true,"showVisualEffectGraphs":true,"m_FxEnabled":true},"in2DMode":false,"pivot":{"x":16.973569869995118,"y":-31.677223205566408,"z":-173.12445068359376},"rotation":{"x":-0.016792191192507745,"y":-0.897455096244812,"z":0.43938469886779787,"w":-0.041008077561855319},"size":78.68626403808594,"orthographic":false}