{"cameraMode":{"drawMode":0,"name":"Shaded","section":"Shading Mode"},"sceneLighting":true,"audioPlay":false,"sceneViewState":{"m_AlwaysRefresh":false,"showFog":true,"showSkybox":false,"showFlares":true,"showImageEffects":true,"showParticleSystems":true,"showVisualEffectGraphs":true,"m_FxEnabled":true},"in2DMode":false,"pivot":{"x":0.35875701904296877,"y":57.58279800415039,"z":-83.93673706054688},"rotation":{"x":0.048265278339385989,"y":-0.030768983066082,"z":0.0012768384767696262,"w":0.9983598589897156},"size":145.0262451171875,"orthographic":false}