{"cameraMode":{"drawMode":0,"name":"Shaded","section":"Shading Mode"},"sceneLighting":true,"audioPlay":false,"sceneViewState":{"m_AlwaysRefresh":false,"showFog":true,"showSkybox":false,"showFlares":true,"showImageEffects":true,"showParticleSystems":true,"showVisualEffectGraphs":true,"m_FxEnabled":true},"in2DMode":false,"pivot":{"x":44.464874267578128,"y":43.35601806640625,"z":-124.40583038330078},"rotation":{"x":0.21576166152954102,"y":-0.6752251982688904,"z":0.21673357486724854,"w":0.6712271571159363},"size":0.8660253882408142,"orthographic":false}