{"cameraMode":{"drawMode":0,"name":"Shaded","section":"Shading Mode"},"sceneLighting":true,"audioPlay":false,"sceneViewState":{"m_AlwaysRefresh":false,"showFog":true,"showSkybox":false,"showFlares":true,"showImageEffects":true,"showParticleSystems":true,"showVisualEffectGraphs":true,"m_FxEnabled":true},"in2DMode":false,"pivot":{"x":44.85136413574219,"y":43.372989654541019,"z":-123.41081237792969},"rotation":{"x":0.27633941173553469,"y":-0.3726691007614136,"z":0.11704018712043762,"w":0.8780989050865173},"size":0.8660253882408142,"orthographic":false}