{"cameraMode":{"drawMode":0,"name":"Shaded","section":"Shading Mode"},"sceneLighting":false,"audioPlay":false,"sceneViewState":{"m_AlwaysRefresh":false,"showFog":true,"showSkybox":false,"showFlares":true,"showImageEffects":true,"showParticleSystems":true,"showVisualEffectGraphs":true,"m_FxEnabled":true},"in2DMode":false,"pivot":{"x":-0.04500001668930054,"y":4.119999885559082,"z":-2.319999933242798},"rotation":{"x":0.028219392523169519,"y":0.12146290391683579,"z":0.004911158233880997,"w":0.9927275776863098},"size":5.440020561218262,"orthographic":false}