{"cameraMode":{"drawMode":0,"name":"Shaded","section":"Shading Mode"},"sceneLighting":false,"audioPlay":false,"sceneViewState":{"m_AlwaysRefresh":false,"showFog":true,"showSkybox":false,"showFlares":true,"showImageEffects":true,"showParticleSystems":true,"showVisualEffectGraphs":true,"m_FxEnabled":true},"in2DMode":false,"pivot":{"x":-2.834887981414795,"y":9.065502166748047,"z":199.7472686767578},"rotation":{"x":-0.000030937160772737116,"y":-0.9997973442077637,"z":-0.003599015297368169,"w":0.021940117701888086},"size":1.1785410642623902,"orthographic":false}