{"cameraMode":{"drawMode":0,"name":"Shaded","section":"Shading Mode"},"sceneLighting":false,"audioPlay":false,"sceneViewState":{"m_AlwaysRefresh":false,"showFog":true,"showSkybox":false,"showFlares":true,"showImageEffects":true,"showParticleSystems":true,"showVisualEffectGraphs":true,"m_FxEnabled":true},"in2DMode":false,"pivot":{"x":20.915666580200197,"y":81.30133819580078,"z":194.78594970703126},"rotation":{"x":0.08144158124923706,"y":-0.9040365815162659,"z":0.1992085725069046,"w":0.36942756175994875},"size":0.8660253882408142,"orthographic":false}