{"cameraMode":{"drawMode":0,"name":"Shaded","section":"Shading Mode"},"sceneLighting":true,"audioPlay":false,"sceneViewState":{"m_AlwaysRefresh":false,"showFog":true,"showSkybox":true,"showFlares":true,"showImageEffects":true,"showParticleSystems":true,"showVisualEffectGraphs":true,"m_FxEnabled":true},"in2DMode":false,"pivot":{"x":-7.0561299324035648,"y":2.9229235649108888,"z":-677.7628784179688},"rotation":{"x":-0.025217657908797265,"y":0.21221764385700227,"z":-0.005486834328621626,"w":-0.9768986105918884},"size":0.6569780111312866,"orthographic":false}