{"cameraMode":{"drawMode":0,"name":"Shaded","section":"Shading Mode"},"sceneLighting":false,"audioPlay":false,"sceneViewState":{"m_AlwaysRefresh":false,"showFog":true,"showSkybox":true,"showFlares":true,"showImageEffects":true,"showParticleSystems":true,"showVisualEffectGraphs":true,"m_FxEnabled":true},"in2DMode":false,"pivot":{"x":-215.75587463378907,"y":116.7738037109375,"z":-258.8015441894531},"rotation":{"x":0.11651303619146347,"y":0.3179585337638855,"z":-0.039431214332580569,"w":0.9401352405548096},"size":0.8660253882408142,"orthographic":false}