{"cameraMode":{"drawMode":0,"name":"Shaded","section":"Shading Mode"},"sceneLighting":true,"audioPlay":false,"sceneViewState":{"m_AlwaysRefresh":false,"showFog":true,"showSkybox":true,"showFlares":true,"showImageEffects":true,"showParticleSystems":true,"showVisualEffectGraphs":true,"m_FxEnabled":true},"in2DMode":false,"pivot":{"x":-108.24124908447266,"y":16.416440963745118,"z":-519.2037963867188},"rotation":{"x":-0.01923815719783306,"y":-0.8257473111152649,"z":0.02729845978319645,"w":-0.5631453990936279},"size":0.8660253882408142,"orthographic":false}