{"cameraMode":{"drawMode":0,"name":"Shaded","section":"Shading Mode"},"sceneLighting":false,"audioPlay":false,"sceneViewState":{"m_AlwaysRefresh":false,"showFog":true,"showSkybox":true,"showFlares":true,"showImageEffects":true,"showParticleSystems":true,"showVisualEffectGraphs":true,"m_FxEnabled":true},"in2DMode":false,"pivot":{"x":-30.663827896118165,"y":44.06877899169922,"z":-449.6314392089844},"rotation":{"x":0.00032061649835668504,"y":-0.057520586997270587,"z":-0.0001502296217950061,"w":0.998445451259613},"size":0.6809978485107422,"orthographic":false}