{"cameraMode":{"drawMode":0,"name":"Shaded","section":"Shading Mode"},"sceneLighting":true,"audioPlay":false,"sceneViewState":{"m_AlwaysRefresh":false,"showFog":true,"showSkybox":true,"showFlares":true,"showImageEffects":true,"showParticleSystems":true,"showVisualEffectGraphs":true,"m_FxEnabled":true},"in2DMode":false,"pivot":{"x":-18.89335060119629,"y":19.146879196166993,"z":1289.2745361328125},"rotation":{"x":0.004905831068754196,"y":-0.9949783086776733,"z":0.06308116018772125,"w":0.07805599272251129},"size":1.4361406564712525,"orthographic":false}