{"cameraMode":{"drawMode":0,"name":"Shaded","section":"Shading Mode"},"sceneLighting":true,"audioPlay":false,"sceneViewState":{"m_AlwaysRefresh":false,"showFog":true,"showSkybox":true,"showFlares":true,"showImageEffects":true,"showParticleSystems":true,"showVisualEffectGraphs":true,"m_FxEnabled":true},"in2DMode":false,"pivot":{"x":291.7994689941406,"y":419.2121276855469,"z":-319.5735778808594},"rotation":{"x":0.034048546105623248,"y":-0.06282294541597367,"z":-0.0028858650475740434,"w":-0.9975155591964722},"size":12.12435531616211,"orthographic":false}