{"cameraMode":{"drawMode":0,"name":"Shaded","section":"Shading Mode"},"sceneLighting":true,"audioPlay":false,"sceneViewState":{"m_AlwaysRefresh":false,"showFog":true,"showSkybox":true,"showFlares":true,"showImageEffects":true,"showParticleSystems":true,"showVisualEffectGraphs":true,"m_FxEnabled":true},"in2DMode":false,"pivot":{"x":187.5147247314453,"y":1050.566162109375,"z":-250.43011474609376},"rotation":{"x":0.11856361478567124,"y":0.005837722215801477,"z":0.00002135205977538135,"w":0.9931739568710327},"size":81.39410400390625,"orthographic":false}