{"cameraMode":{"drawMode":0,"name":"Shaded","section":"Shading Mode"},"sceneLighting":false,"audioPlay":false,"sceneViewState":{"m_AlwaysRefresh":false,"showFog":true,"showSkybox":true,"showFlares":true,"showImageEffects":true,"showParticleSystems":true,"showVisualEffectGraphs":true,"m_FxEnabled":true},"in2DMode":false,"pivot":{"x":67.75503540039063,"y":69.90147399902344,"z":-701.1188354492188},"rotation":{"x":0.10191848874092102,"y":0.17963777482509614,"z":-0.018828900530934335,"w":0.9784344434738159},"size":0.8270542621612549,"orthographic":false}