{"cameraMode":{"drawMode":0,"name":"Shaded","section":"Shading Mode"},"sceneLighting":false,"audioPlay":false,"sceneViewState":{"m_AlwaysRefresh":false,"showFog":true,"showSkybox":false,"showFlares":true,"showImageEffects":true,"showParticleSystems":true,"showVisualEffectGraphs":true,"m_FxEnabled":true},"in2DMode":false,"pivot":{"x":21.067333221435548,"y":-7.070372104644775,"z":-84.55325317382813},"rotation":{"x":0.04679328575730324,"y":0.9411385655403137,"z":-0.29556795954704287,"w":0.15915082395076753},"size":43.416587829589847,"orthographic":false}