{"cameraMode":{"drawMode":0,"name":"Shaded","section":"Shading Mode"},"sceneLighting":false,"audioPlay":false,"sceneViewState":{"m_AlwaysRefresh":false,"showFog":true,"showSkybox":false,"showFlares":true,"showImageEffects":true,"showParticleSystems":true,"showVisualEffectGraphs":true,"m_FxEnabled":true},"in2DMode":false,"pivot":{"x":13.051679611206055,"y":1.4210729598999024,"z":-152.90634155273438},"rotation":{"x":0.0001097036074497737,"y":0.9966562986373901,"z":-0.07431116700172425,"w":0.04218686372041702},"size":43.416587829589847,"orthographic":false}