{"cameraMode":{"drawMode":0,"name":"Shaded","section":"Shading Mode"},"sceneLighting":false,"audioPlay":false,"sceneViewState":{"m_AlwaysRefresh":false,"showFog":true,"showSkybox":false,"showFlares":true,"showImageEffects":true,"showParticleSystems":true,"showVisualEffectGraphs":true,"m_FxEnabled":true},"in2DMode":false,"pivot":{"x":1.825510859489441,"y":29.204191207885743,"z":-88.89093017578125},"rotation":{"x":-0.0006908444338478148,"y":0.9995968341827393,"z":-0.028803540393710138,"w":-0.017450401559472085},"size":0.8660253882408142,"orthographic":false}