{"cameraMode":{"drawMode":0,"name":"Shaded","section":"Shading Mode"},"sceneLighting":false,"audioPlay":false,"sceneViewState":{"m_AlwaysRefresh":false,"showFog":true,"showSkybox":false,"showFlares":true,"showImageEffects":true,"showParticleSystems":true,"showVisualEffectGraphs":true,"m_FxEnabled":true},"in2DMode":false,"pivot":{"x":2.1134884357452394,"y":28.746427536010743,"z":-88.78683471679688},"rotation":{"x":0.011152515187859536,"y":0.9843883514404297,"z":-0.16272404789924622,"w":0.0685938224196434},"size":0.8660253882408142,"orthographic":false}