{"cameraMode":{"drawMode":0,"name":"Shaded","section":"Shading Mode"},"sceneLighting":false,"audioPlay":false,"sceneViewState":{"m_AlwaysRefresh":false,"showFog":true,"showSkybox":false,"showFlares":true,"showImageEffects":true,"showParticleSystems":true,"showVisualEffectGraphs":true,"m_FxEnabled":true},"in2DMode":false,"pivot":{"x":0.35875701904296877,"y":57.58279800415039,"z":-85.73674011230469},"rotation":{"x":-0.003560377284884453,"y":-0.9919641613960266,"z":0.12445489317178726,"w":-0.02822301723062992},"size":0.8660253882408142,"orthographic":false}