{"cameraMode":{"drawMode":0,"name":"Shaded","section":"Shading Mode"},"sceneLighting":false,"audioPlay":false,"sceneViewState":{"m_AlwaysRefresh":false,"showFog":true,"showSkybox":false,"showFlares":true,"showImageEffects":true,"showParticleSystems":true,"showVisualEffectGraphs":true,"m_FxEnabled":true},"in2DMode":false,"pivot":{"x":-0.603424072265625,"y":-0.05859390273690224,"z":1.602774739265442},"rotation":{"x":0.010088187642395497,"y":0.8756886124610901,"z":-0.004138953983783722,"w":0.48349812626838686},"size":0.5931799411773682,"orthographic":false}